"verb","feature_raw","feature_clean","feature_revised","revision","feature_type","feature_english","comment"
"knippen","van papier","van papier","","","","",""
"knippen","schaar","schaar","","","","",""
"knippen","lintjes","lintjes","","","","",""
"knippen","kapper","kapper","","","","",""
"knippen","digitaal met word","digitaal met word","","","","",""
"knippen","haar","haar","","","","",""
"knippen","twee vingers nodig","twee vingers nodig","","","","",""
"haasten","tijdsdruk","tijdsdruk","","","","",""
"haasten","stress","stress","","","","",""
"haasten","afspraak","afspraak","","","","",""
"haasten","zich snel voortbeweging","zich snel voortbeweging","","","","",""
"haasten","niet te laat komen","niet te laat komen","","","","",""
"lopen","wandelen","wandelen","","","","",""
"lopen","schoenen","schoenen","","","","",""
"lopen","sport","sport","","","","",""
"lopen","zich rustig voortbewegen","zich rustig voortbewegen","","","","",""
"lopen","voetgangers","voetgangers","","","","",""
"lopen","voetpad","voetpad","","","","",""
"schuifelen","zich heel langzaam voortbewegen","zich heel langzaam voortbewegen","","","","",""
"schuifelen","oude mensen","oude mensen","","","","",""
"schuifelen","innig dansen","innig dansen","","","","",""
"schuifelen","een stel","een stel","","","","",""
"schuifelen","achter een rollator","achter een rollator","","","","",""
"schuifelen","op de dansvloer","op de dansvloer","","","","",""
"schuifelen","op een schoolfeest","op een schoolfeest","","","","",""
"snijden","met een mes","met een mes","","","","",""
"snijden","door etenswaren","door etenswaren","","","","",""
"snijden","opereren","opereren","","","","",""
"snijden","een koude windvlaag","een koude windvlaag","","","","",""
"snijden","chirurg","chirurg","","","","",""
"snijden","slager","slager","","","","",""
"snijden","bakker","bakker","","","","",""
"snijden","snee","snee","","","","",""
"snijden","stukken maken","stukken maken","","","","",""
"snijden","glas","glas","","","","",""
"glippen","glad","glad","","","","",""
"glippen","te snel af zijn","te snel af zijn","","","","",""
"glippen","even snel ergens naar binnen gaan","even snel ergens naar binnen gaan","","","","",""
"glippen","ertussenuit knijpen","ertussenuit knijpen","","","","",""
"glippen","snel","snel","","","","",""
"banjeren","stampen","stampen","","","","",""
"banjeren","grote stappen","grote stappen","","","","",""
"banjeren","door de natuur","door de natuur","","","","",""
"banjeren","door waterplassen","door waterplassen","","","","",""
"banjeren","onoplettendheid op waar je loopt","onoplettendheid op waar je loopt","","","","",""
"banjeren","zonder doel","zonder doel","","","","",""
"hakken","van hout","van hout","","","","",""
"hakken","met een bijl","met een bijl","","","","",""
"hakken","houthakker","houthakker","","","","",""
"hakken","soort dans","soort dans","","","","",""
"hakken","snel bewegen","snel bewegen","","","","",""
"spoeden","haasten","haasten","","","","",""
"spoeden","een doel hebben","een doel hebben","","","","",""
"spoeden","tijdsdruk hebben","tijdsdruk hebben","","","","",""
"spoeden","ambulance","ambulance","","","","",""
"spoeden","politie","politie","","","","",""
"spoeden","brandweer","brandweer","","","","",""
"spoeden","gevaar","gevaar","","","","",""
"spoeden","met hoge snelheid bewegen","met hoge snelheid bewegen","","","","",""
"kuieren","op je gemak","op je gemak","","","","",""
"kuieren","rondlopen zonder speciaal doel","rondlopen zonder speciaal doel","","","","",""
"kuieren","rustig","rustig","","","","",""
"kuieren","samen zijn","samen zijn","","","","",""
"kuieren","keuvelen","keuvelen","","","","",""
"wijken","uit de weg gaan","uit de weg gaan","","","","",""
"wijken","een belemmering","een belemmering","","","","",""
"wijken","obstakel","obstakel","","","","",""
"wijken","niet in een lijn doorkunnen","niet in een lijn doorkunnen","","","","",""
"wijken","alternatief kiezen","alternatief kiezen","","","","",""
"klimmen","een berg","een berg","","","","",""
"klimmen","sport","sport","","","","",""
"klimmen","hoogtes","hoogtes","","","","",""
"klimmen","klimwand","klimwand","","","","",""
"klimmen","zekeringen","zekeringen","","","","",""
"klimmen","naar boven bewegen","naar boven bewegen","","","","",""
"klimmen","ergens tegen aan","ergens tegen aan","","","","",""
"klimmen","trap","trap","","","","",""
"slingeren","niet op de grond staan","niet op de grond staan","","","","",""
"slingeren","loshangen","loshangen","","","","",""
"slingeren","ongecontroleerd","ongecontroleerd","","","","",""
"slingeren","niet in een rechte lijn bewegen","niet in een rechte lijn bewegen","","","","",""
"slingeren","auto's","auto's","","","","",""
"slingeren","liaan","liaan","","","","",""
"slingeren","apen","apen","","","","",""
"sluipen","niet hoorbaar willen zijn","niet hoorbaar willen zijn","","","","",""
"sluipen","onhoorbaar bewegen","onhoorbaar bewegen","","","","",""
"sluipen","op verboden plaats zijn","op verboden plaats zijn","","","","",""
"sluipen","bedachtzaam bewegen","bedachtzaam bewegen","","","","",""
"sluipen","uitkijken","uitkijken","","","","",""
"hardlopen","actief","actief","","","","",""
"hardlopen","sporten","sporten","","","","",""
"hardlopen","wedstrijden","wedstrijden","","","","",""
"hardlopen","marathon","marathon","","","","",""
"hardlopen","hardloopschoenen","hardloopschoenen","","","","",""
"hardlopen","professioneel hardlopers","professioneel hardlopers","","","","",""
"hardlopen","hoog tempo","hoog tempo","","","","",""
"walsen","iets platter maken","iets platter maken","","","","",""
"walsen","kracht","kracht","","","","",""
"walsen","klassieke dansstijl","klassieke dansstijl","","","","",""
"walsen","stel","stel","","","","",""
"walsen","over iemand heen lopen","over iemand heen lopen","","","","",""
"kloppen","tegen een deur","tegen een deur","","","","",""
"kloppen","van beslag","van beslag","","","","",""
"kloppen","luchtig maken","luchtig maken","","","","",""
"kloppen","eieren","eieren","","","","",""
"kloppen","binnengelaten willen worden","binnengelaten willen worden","","","","",""
"kloppen","wanneer dingen juist zijn","wanneer dingen juist zijn","","","","",""
"marcheren","in een groep","in een groep","","","","",""
"marcheren","soldaten","soldaten","","","","",""
"marcheren","synchroon","synchroon","","","","",""
"marcheren","op de maat van muziek","op de maat van muziek","","","","",""
"marcheren","harmonie","harmonie","","","","",""
"marcheren","muziekcorps","muziekcorps","","","","",""
"marcheren","uniform dragen","uniform dragen","","","","",""
"dolen","doelloos","doelloos","","","","",""
"dolen","rondlopen","rondlopen","","","","",""
"dolen","verdwaald zijn","verdwaald zijn","","","","",""
"dolen","langzaam voortbewegen","langzaam voortbewegen","","","","",""
"dolen","alleen zijn","alleen zijn","","","","",""
"dolen","doolhof","doolhof","","","","",""
"afdalen","naar beneden gaan","naar beneden gaan","","","","",""
"afdalen","een berg","een berg","","","","",""
"afdalen","een trap","een trap","","","","",""
"afdalen","slechter worden","slechter worden","","","","",""
"afdalen","met beleid","met beleid","","","","",""
"slaaten","ergens iets uithalen","ergens iets uithalen","","","","",""
"slaaten","voordeel halen","voordeel halen","","","","",""
"slaaten","slaan","slaan","","","","",""
"slaaten","negatief","negatief","","","","",""
"slaaten","salade","salade","","","","",""
"kuieren","relaxed","relaxed","","","","",""
"kuieren","lopen","lopen","","","","",""
"kuieren","bewegen","bewegen","","","","",""
"kuieren","blokje om","blokje om","","","","",""
"kuieren","slenter","slenter","","","","",""
"hakken","schoen","schoen","","","","",""
"hakken","zool","zool","","","","",""
"hakken","verhoging","verhoging","","","","",""
"hakken","voet","voet","","","","",""
"hakken","lengte","lengte","","","","",""
"schuifelen","bewegen","bewegen","","","","",""
"schuifelen","kleine stapjes","kleine stapjes","","","","",""
"schuifelen","voeten","voeten","","","","",""
"schuifelen","lopen","lopen","","","","",""
"schuifelen","langzaam","langzaam","","","","",""
"snijden","mes","mes","","","","",""
"snijden","stukjes","stukjes","","","","",""
"snijden","doormidden","doormidden","","","","",""
"snijden","bewegen","bewegen","","","","",""
"snijden","hand","hand","","","","",""
"snijden","arm","arm","","","","",""
"snijden","zagen","zagen","","","","",""
"snijden","kapot","kapot","","","","",""
"dolen","bewegen","bewegen","","","","",""
"dolen","verplaatsen","verplaatsen","","","","",""
"dolen","lopen","lopen","","","","",""
"dolen","trekken","trekken","","","","",""
"marcheren","lopen","lopen","","","","",""
"marcheren","beenbeweging","beenbeweging","","","","",""
"marcheren","handbeweging","handbeweging","","","","",""
"marcheren","leger","leger","","","","",""
"marcheren","heffen","heffen","","","","",""
"marcheren","grote beweging","grote beweging","","","","",""
"haasten","snel","snel","","","","",""
"haasten","bewegen","bewegen","","","","",""
"haasten","tijdgebrek","tijdgebrek","","","","",""
"haasten","gaan","gaan","","","","",""
"hardlopen","bewegen","bewegen","","","","",""
"hardlopen","lopen","lopen","","","","",""
"hardlopen","voeten","voeten","","","","",""
"hardlopen","hartslag","hartslag","","","","",""
"hardlopen","snel","snel","","","","",""
"hardlopen","beenbeweging","beenbeweging","","","","",""
"hardlopen","armbeweging","armbeweging","","","","",""
"hardlopen","rennen","rennen","","","","",""
"knippen","doormidden","doormidden","","","","",""
"knippen","kapot","kapot","","","","",""
"knippen","bewegen","bewegen","","","","",""
"knippen","arm","arm","","","","",""
"knippen","hand","hand","","","","",""
"knippen","vorm","vorm","","","","",""
"wijken","bewegen","bewegen","","","","",""
"wijken","verplaatsen","verplaatsen","","","","",""
"wijken","omheen","omheen","","","","",""
"wijken","in de weg","in de weg","","","","",""
"wijken","weggaan","weggaan","","","","",""
"walsen","dans","dans","","","","",""
"walsen","beweging","beweging","","","","",""
"walsen","muziek","muziek","","","","",""
"walsen","ouderwets","ouderwets","","","","",""
"walsen","heen en weer","heen en weer","","","","",""
"slingeren","bocht","bocht","","","","",""
"slingeren","bewegen","bewegen","","","","",""
"slingeren","boog","boog","","","","",""
"slingeren","lopen","lopen","","","","",""
"slingeren","links","links","","","","",""
"slingeren","rechts","rechts","","","","",""
"kloppen","geluid","geluid","","","","",""
"kloppen","hand","hand","","","","",""
"kloppen","beweging","beweging","","","","",""
"kloppen","deur","deur","","","","",""
"kloppen","tafel","tafel","","","","",""
"kloppen","hout","hout","","","","",""
"kloppen","bezoek","bezoek","","","","",""
"kloppen","checken","checken","","","","",""
"kloppen","binnen gaan","binnen gaan","","","","",""
"afdalen","beneden","beneden","","","","",""
"afdalen","omlaag","omlaag","","","","",""
"afdalen","bewegen","bewegen","","","","",""
"afdalen","hoog","hoog","","","","",""
"afdalen","laag","laag","","","","",""
"afdalen","hoogteverschil","hoogteverschil","","","","",""
"sluipen","langzaam","langzaam","","","","",""
"sluipen","bewegen","bewegen","","","","",""
"sluipen","lopen","lopen","","","","",""
"sluipen","zachtjes","zachtjes","","","","",""
"sluipen","uit het zicht","uit het zicht","","","","",""
"banjeren","lopen","lopen","","","","",""
"banjeren","heen en weer","heen en weer","","","","",""
"banjeren","wandelen","wandelen","","","","",""
"banjeren","voeten","voeten","","","","",""
"banjeren","bewegen","bewegen","","","","",""
"banjeren","trekken","trekken","","","","",""
"slaaten","ik","ik","","","","",""
"slaaten","ken","ken","","","","",""
"slaaten","dit","dit","","","","",""
"slaaten","woord","woord","","","","",""
"slaaten","niet","niet","","","","",""
"glippen","net","net","","","","",""
"glippen","op tijd","op tijd","","","","",""
"glippen","naar binnen","naar binnen","","","","",""
"glippen","bewegen","bewegen","","","","",""
"glippen","glijden","glijden","","","","",""
"spoeden","snel","snel","","","","",""
"spoeden","haast","haast","","","","",""
"spoeden","bewegen","bewegen","","","","",""
"spoeden","vaart","vaart","","","","",""
"spoeden","tijd","tijd","","","","",""
"lopen","bewegen","bewegen","","","","",""
"lopen","voeten","voeten","","","","",""
"lopen","normaal","normaal","","","","",""
"lopen","benen","benen","","","","",""
"lopen","wandel","wandel","","","","",""
"klimmen","omhoog","omhoog","","","","",""
"klimmen","bewegen","bewegen","","","","",""
"klimmen","armen","armen","","","","",""
"klimmen","handen","handen","","","","",""
"klimmen","hoogteverschil","hoogteverschil","","","","",""
"klimmen","laag","laag","","","","",""
"klimmen","hoog","hoog","","","","",""
"klimmen","stijgen","stijgen","","","","",""
"walsen","dansen","dansen","","","","",""
"walsen","langzaam","langzaam","","","","",""
"walsen","romantisch","romantisch","","","","",""
"walsen","tweetal","tweetal","","","","",""
"walsen","dichtbij","dichtbij","","","","",""
"knippen","papier","papier","","","","",""
"knippen","meer delen maken","meer delen maken","","","","",""
"knippen","steen, schaar","steen, schaar","","","","",""
"knippen","knutselen","knutselen","","","","",""
"marcheren","wandelen","wandelen","","","","",""
"marcheren","snel","snel","","","","",""
"marcheren","ritme","ritme","","","","",""
"marcheren","militair","militair","","","","",""
"sluipen","stiekem","stiekem","","","","",""
"sluipen","dief","dief","","","","",""
"sluipen","onopvallend","onopvallend","","","","",""
"sluipen","voorzichtig","voorzichtig","","","","",""
"spoeden","druk","druk","","","","",""
"spoeden","stress","stress","","","","",""
"spoeden","-","-","","","","",""
"banjeren","-","-","","","","",""
"banjeren","--","--","","","","",""
"slingeren","vlaggetjes","vlaggetjes","","","","",""
"slingeren","hoog","hoog","","","","",""
"slingeren","ophangen","ophangen","","","","",""
"slingeren","feestgelegenheid","feestgelegenheid","","","","",""
"slingeren","jarig","jarig","","","","",""
"haasten","geen tijd","geen tijd","","","","",""
"haasten","te laat","te laat","","","","",""
"haasten","-","-","","","","",""
"schuifelen","dansen","dansen","","","","",""
"schuifelen","dichtbij","dichtbij","","","","",""
"schuifelen","twee personen","twee personen","","","","",""
"schuifelen","muziek","muziek","","","","",""
"afdalen","zakken","zakken","","","","",""
"afdalen","bergen","bergen","","","","",""
"afdalen","afleiding","afleiding","","","","",""
"afdalen","slechter gaan","slechter gaan","","","","",""
"wijken","vorm veranderen","vorm veranderen","","","","",""
"wijken","kracht","kracht","","","","",""
"wijken","sterk","sterk","","","","",""
"wijken","flexibel","flexibel","","","","",""
"wijken","warmte","warmte","","","","",""
"slaaten","ik weet niet wat dit betekend","ik weet niet wat dit betekend","","","","",""
"slaaten","wat is slaaten?","wat is slaaten?","","","","",""
"slaaten","ik weet niet of ik dit mag opzoeken?","ik weet niet of ik dit mag opzoeken?","","","","",""
"slaaten","ik moet 5 vakjes vullen","ik moet 5 vakjes vullen","","","","",""
"slaaten","sorry voor dit antwoord","sorry voor dit antwoord","","","","",""
"kuieren","relax","relax","","","","",""
"kuieren","geen stress","geen stress","","","","",""
"kuieren","genieten","genieten","","","","",""
"kuieren","op het gemak","op het gemak","","","","",""
"kloppen","op de deur","op de deur","","","","",""
"kloppen","ook in de keuken","ook in de keuken","","","","",""
"kloppen","opendoen","opendoen","","","","",""
"kloppen","correct","correct","","","","",""
"kloppen","meerdere zijn juist","meerdere zijn juist","","","","",""
"klimmen","hoogte","hoogte","","","","",""
"klimmen","bergen","bergen","","","","",""
"klimmen","vast aan touwen","vast aan touwen","","","","",""
"klimmen","boom","boom","","","","",""
"dolen","?","?","","","","",""
"snijden","keuken","keuken","","","","",""
"snijden","voorzichtig","voorzichtig","","","","",""
"snijden","scherp en bot","scherp en bot","","","","",""
"snijden","voedsel","voedsel","","","","",""
"hakken","boom","boom","","","","",""
"hakken","hout","hout","","","","",""
"hakken","manier van dansen","manier van dansen","","","","",""
"hakken","zwaar","zwaar","","","","",""
"hardlopen","kilometers","kilometers","","","","",""
"hardlopen","loopband","loopband","","","","",""
"hardlopen","buiten","buiten","","","","",""
"hardlopen","schoenen","schoenen","","","","",""
"lopen","naar bestemming gaan","naar bestemming gaan","","","","",""
"lopen","twee benen","twee benen","","","","",""
"lopen","5 km per uur","5 km per uur","","","","",""
"lopen","ontspanning","ontspanning","","","","",""
"glippen","stiekem","stiekem","","","","",""
"glippen","onopvallend","onopvallend","","","","",""
"glippen","ergens tussendoor","ergens tussendoor","","","","",""
"glippen","vallen","vallen","","","","",""
"glippen","voorzichtig","voorzichtig","","","","",""
"snijden","delen","delen","","","","",""
"snijden","handeling","handeling","","","","",""
"snijden","scherp object","scherp object","","","","",""
"knippen","scherp object","scherp object","","","","",""
"knippen","snijden","snijden","","","","",""
"knippen","kortwieken","kortwieken","","","","",""
"marcheren","stampen","stampen","","","","",""
"marcheren","gelijkmatig tempo","gelijkmatig tempo","","","","",""
"marcheren","mars","mars","","","","",""
"schuifelen","duo","duo","","","","",""
"schuifelen","romantisch","romantisch","","","","",""
"schuifelen","glijden","glijden","","","","",""
"banjeren","overal dwars doorheen","overal dwars doorheen","","","","",""
"banjeren","lomp","lomp","","","","",""
"banjeren","van de paden af","van de paden af","","","","",""
"wijken","vermijden","vermijden","","","","",""
"wijken","plaatsmaken","plaatsmaken","","","","",""
"wijken","aan de kant","aan de kant","","","","",""
"wijken","vervangen worden door","vervangen worden door","","","","",""
"hakken","bijl","bijl","","","","",""
"hakken","slaan met een scherp voorwerp","slaan met een scherp voorwerp","","","","",""
"hakken","dansen","dansen","","","","",""
"hakken","luide muziek","luide muziek","","","","",""
"lopen","te voet voortbewegen","te voet voortbewegen","","","","",""
"lopen","pedestrian","pedestrian","","","","",""
"lopen","stap voor stap","stap voor stap","","","","",""
"lopen","6 kilometer per uur","6 kilometer per uur","","","","",""
"slingeren","geen rechte lijn","geen rechte lijn","","","","",""
"slingeren","heen en weer","heen en weer","","","","",""
"slingeren","voortbewegen","voortbewegen","","","","",""
"slingeren","uit balans","uit balans","","","","",""
"slingeren","beweging","beweging","","","","",""
"slingeren","weg","weg","","","","",""
"slingeren","vaak gedaan als iemand dronken is","vaak gedaan als iemand dronken is","","","","",""
"slingeren","rijden","rijden","","","","",""
"afdalen","naar beneden","naar beneden","","","","",""
"afdalen","tegenovergestelde: klimmen","tegenovergestelde: klimmen","","","","",""
"afdalen","van een berg of heuvel","van een berg of heuvel","","","","",""
"afdalen","handeling","handeling","","","","",""
"afdalen","bewust omlaag gaan","bewust omlaag gaan","","","","",""
"glippen","uit de handen laten vallen","uit de handen laten vallen","","","","",""
"glippen","verspelen","verspelen","","","","",""
"glippen","laten gaan","laten gaan","","","","",""
"glippen","kans","kans","","","","",""
"kloppen","correct zijn","correct zijn","","","","",""
"kloppen","met de hand op iets hards slaan","met de hand op iets hards slaan","","","","",""
"kloppen","aankondiging van aankomst","aankondiging van aankomst","","","","",""
"kloppen","houten deur","houten deur","","","","",""
"kloppen","zoals het hoort","zoals het hoort","","","","",""
"sluipen","stil","stil","","","","",""
"sluipen","stiekem arriveren","stiekem arriveren","","","","",""
"sluipen","in het donker","in het donker","","","","",""
"sluipen","gebukt en zachtjes lopen","gebukt en zachtjes lopen","","","","",""
"sluipen","voortbewegen","voortbewegen","","","","",""
"sluipen","geheim","geheim","","","","",""
"kuieren","slenteren","slenteren","","","","",""
"kuieren","langzaam lopen","langzaam lopen","","","","",""
"kuieren","zonder duidelijk doel","zonder duidelijk doel","","","","",""
"kuieren","gemoedelijk","gemoedelijk","","","","",""
"kuieren","sloffen","sloffen","","","","",""
"dolen","verdwaald","verdwaald","","","","",""
"dolen","geen doel","geen doel","","","","",""
"dolen","ronddwalen","ronddwalen","","","","",""
"dolen","zwerven","zwerven","","","","",""
"dolen","lopen zonder richting","lopen zonder richting","","","","",""
"walsen","platmaken","platmaken","","","","",""
"walsen","over iemand heenlopen","over iemand heenlopen","","","","",""
"walsen","duo","duo","","","","",""
"walsen","ouderwetse muziek","ouderwetse muziek","","","","",""
"spoeden","zo snel mogelijk ergens heen gaan","zo snel mogelijk ergens heen gaan","","","","",""
"spoeden","vlug voortbewegen","vlug voortbewegen","","","","",""
"spoeden","tijdsdruk","tijdsdruk","","","","",""
"haasten","spoeden","spoeden","","","","",""
"haasten","zo snel mogelijk ergens heen gaan","zo snel mogelijk ergens heen gaan","","","","",""
"haasten","tempo maken","tempo maken","","","","",""
"hardlopen","snel voortbewegen","snel voortbewegen","","","","",""
"hardlopen","joggen","joggen","","","","",""
"slaaten","?","?","","","","",""
"klimmen","omhoog gaan","omhoog gaan","","","","",""
"klimmen","met handen en voeten","met handen en voeten","","","","",""
"klimmen","de hoogte in","de hoogte in","","","","",""
"klimmen","berg of heuvel op","berg of heuvel op","","","","",""
"knippen","door de mens","door de mens","","","","",""
"knippen","scheiden","scheiden","","","","",""
"knippen","gebruik van je handen","gebruik van je handen","","","","",""
"schuifelen","dansvloer","dansvloer","","","","",""
"schuifelen","stel","stel","","","","",""
"schuifelen","knuffelen","knuffelen","","","","",""
"schuifelen","rustige muziek","rustige muziek","","","","",""
"schuifelen","verliefd","verliefd","","","","",""
"slingeren","bal","bal","","","","",""
"slingeren","springtouw","springtouw","","","","",""
"slingeren","over het water","over het water","","","","",""
"slingeren","kronkelende lijn","kronkelende lijn","","","","",""
"slingeren","boomtak","boomtak","","","","",""
"slingeren","met een touw","met een touw","","","","",""
"slingeren","kronkelende beweging","kronkelende beweging","","","","",""
"slingeren","springen","springen","","","","",""
"hakken","techno","techno","","","","",""
"hakken","harde muziek","harde muziek","","","","",""
"hakken","met je vrienden","met je vrienden","","","","",""
"hakken","op een festival","op een festival","","","","",""
"walsen","metaal","metaal","","","","",""
"walsen","vormgeving","vormgeving","","","","",""
"walsen","platen","platen","","","","",""
"walsen","techniek","techniek","","","","",""
"walsen","mannenberoep","mannenberoep","","","","",""
"kuieren","wandelen","wandelen","","","","",""
"kuieren","in het bos","in het bos","","","","",""
"kuieren","tochten","tochten","","","","",""
"kuieren","met een rugzak","met een rugzak","","","","",""
"kuieren","vermoeiend","vermoeiend","","","","",""
"klimmen","verzekeren","verzekeren","","","","",""
"klimmen","bergschoenen","bergschoenen","","","","",""
"klimmen","berg","berg","","","","",""
"slaaten","weet","weet","","","","",""
"slaaten","echt","echt","","","","",""
"slaaten","wat dit is","wat dit is","","","","",""
"kloppen","sinterklaas","sinterklaas","","","","",""
"kloppen","binnenkomen","binnenkomen","","","","",""
"kloppen","vragen","vragen","","","","",""
"kloppen","met je hand","met je hand","","","","",""
"dolen","verbuigen","verbuigen","","","","",""
"dolen","koorts","koorts","","","","",""
"dolen","dwalen","dwalen","","","","",""
"dolen","geen idee","geen idee","","","","",""
"spoeden","spoed","spoed","","","","",""
"spoeden","noodzakelijk","noodzakelijk","","","","",""
"spoeden","eerste hulp","eerste hulp","","","","",""
"glippen","weggaan","weggaan","","","","",""
"glippen","vis glipt uit mijn hand","vis glipt uit mijn hand","","","","",""
"hardlopen","zwaar","zwaar","","","","",""
"hardlopen","in de buitenlucht","in de buitenlucht","","","","",""
"hardlopen","spieren","spieren","","","","",""
"hardlopen","conditie","conditie","","","","",""
"banjeren","voortkomen","voortkomen","","","","",""
"banjeren","moeite","moeite","","","","",""
"banjeren","zenuwachtig","zenuwachtig","","","","",""
"banjeren","drukte maken","drukte maken","","","","",""
"banjeren","onrustig","onrustig","","","","",""
"snijden","scheiden","scheiden","","","","",""
"snijden","scherp","scherp","","","","",""
"snijden","bloed","bloed","","","","",""
"snijden","groente","groente","","","","",""
"lopen","voortkomen","voortkomen","","","","",""
"lopen","langzaam","langzaam","","","","",""
"lopen","tenen","tenen","","","","",""
"lopen","buiten","buiten","","","","",""
"sluipen","boef","boef","","","","",""
"sluipen","onherkenbaar","onherkenbaar","","","","",""
"sluipen","op je tenen","op je tenen","","","","",""
"afdalen","lift","lift","","","","",""
"afdalen","skien","skien","","","","",""
"afdalen","helling","helling","","","","",""
"haasten","opschieten","opschieten","","","","",""
"haasten","tijd tekort","tijd tekort","","","","",""
"haasten","trein","trein","","","","",""
"wijken","ontwijken","ontwijken","","","","",""
"wijken","van af gaan","van af gaan","","","","",""
"wijken","files ontwijken","files ontwijken","","","","",""
"wijken","terugtrekken","terugtrekken","","","","",""
"wijken","anti","anti","","","","",""
"marcheren","geweer","geweer","","","","",""
"marcheren","met een pak","met een pak","","","","",""
"marcheren","in de maat","in de maat","","","","",""
"marcheren","manier van lopen","manier van lopen","","","","",""
"marcheren","hierarchie","hierarchie","","","","",""
"marcheren","schoenen","schoenen","","","","",""
"marcheren","marechaussee","marechaussee","","","","",""
"marcheren","optocht","optocht","","","","",""
"marcheren","benen","benen","","","","",""
"marcheren","stijf","stijf","","","","",""
"afdalen","berg","berg","","","","",""
"afdalen","kuiten","kuiten","","","","",""
"afdalen","lopen","lopen","","","","",""
"afdalen","wandelen","wandelen","","","","",""
"afdalen","heuvel","heuvel","","","","",""
"snijden","verdelen in stukken","verdelen in stukken","","","","",""
"snijden","vlees","vlees","","","","",""
"snijden","bereiden","bereiden","","","","",""
"kuieren","bos","bos","","","","",""
"kuieren","praten","praten","","","","",""
"kuieren","kletsen","kletsen","","","","",""
"kuieren","geen haast","geen haast","","","","",""
"kloppen","voordeur","voordeur","","","","",""
"kloppen","signaal","signaal","","","","",""
"kloppen","vuist","vuist","","","","",""
"kloppen","begroeting","begroeting","","","","",""
"kloppen","ontvangst","ontvangst","","","","",""
"schuifelen","partner","partner","","","","",""
"schuifelen","omarmen","omarmen","","","","",""
"schuifelen","man-vrouw","man-vrouw","","","","",""
"schuifelen","romantiek","romantiek","","","","",""
"slaaten","ik weet niet wat dit betekent.","ik weet niet wat dit betekent.","","","","",""
"hakken","verdelen in stukken","verdelen in stukken","","","","",""
"hakken","arm","arm","","","","",""
"hakken","spierkracht","spierkracht","","","","",""
"hakken","gereedschap","gereedschap","","","","",""
"haasten","onrustig","onrustig","","","","",""
"haasten","klok","klok","","","","",""
"haasten","tijd","tijd","","","","",""
"haasten","snelheid","snelheid","","","","",""
"dolen","zoekend","zoekend","","","","",""
"dolen","wandelen","wandelen","","","","",""
"dolen","vragend","vragend","","","","",""
"dolen","lopend","lopend","","","","",""
"sluipen","inbreker","inbreker","","","","",""
"sluipen","onopgemerkt","onopgemerkt","","","","",""
"sluipen","op tenen","op tenen","","","","",""
"sluipen","ongezien","ongezien","","","","",""
"banjeren","druk","druk","","","","",""
"banjeren","ongeremd","ongeremd","","","","",""
"banjeren","chaotisch","chaotisch","","","","",""
"banjeren","haastig","haastig","","","","",""
"walsen","lomp","lomp","","","","",""
"walsen","schreeuwen","schreeuwen","","","","",""
"walsen","hoogste woord voeren","hoogste woord voeren","","","","",""
"walsen","grote mond","grote mond","","","","",""
"walsen","brutaal","brutaal","","","","",""
"knippen","in papier","in papier","","","","",""
"knippen","in stof","in stof","","","","",""
"knippen","figuren","figuren","","","","",""
"knippen","uit krant","uit krant","","","","",""
"wijken","ontlopen","ontlopen","","","","",""
"wijken","niet willen zien","niet willen zien","","","","",""
"wijken","ontkomen","ontkomen","","","","",""
"wijken","geen zin in hebben","geen zin in hebben","","","","",""
"wijken","verplichting","verplichting","","","","",""
"spoeden","haastig","haastig","","","","",""
"spoeden","geen uitstel","geen uitstel","","","","",""
"spoeden","snelheid","snelheid","","","","",""
"spoeden","zo snel mogelijk","zo snel mogelijk","","","","",""
"slingeren","dronken","dronken","","","","",""
"slingeren","op de weg","op de weg","","","","",""
"slingeren","fietsen","fietsen","","","","",""
"slingeren","onsamenhangend","onsamenhangend","","","","",""
"slingeren","alle kanten op","alle kanten op","","","","",""
"klimmen","lichamelijk","lichamelijk","","","","",""
"klimmen","benen","benen","","","","",""
"klimmen","gereedschap","gereedschap","","","","",""
"klimmen","touwen","touwen","","","","",""
"klimmen","zekering","zekering","","","","",""
"hardlopen","sport","sport","","","","",""
"hardlopen","bos","bos","","","","",""
"hardlopen","snelheid","snelheid","","","","",""
"hardlopen","blessure","blessure","","","","",""
"hardlopen","benen","benen","","","","",""
"hardlopen","knie","knie","","","","",""
"hardlopen","zweten","zweten","","","","",""
"lopen","bos","bos","","","","",""
"lopen","voet","voet","","","","",""
"lopen","naar werk","naar werk","","","","",""
"lopen","naar winkel","naar winkel","","","","",""
"glippen","geen grip","geen grip","","","","",""
"glippen","ongeremd","ongeremd","","","","",""
"glippen","ongezien","ongezien","","","","",""
"slingeren","van de ene naar de andere kant","van de ene naar de andere kant","","","","",""
"slingeren","actief","actief","","","","",""
"klimmen","actief","actief","","","","",""
"klimmen","in een boom","in een boom","","","","",""
"klimmen","omlaag","omlaag","","","","",""
"hakken","schoenen","schoenen","","","","",""
"hakken","zere voeten","zere voeten","","","","",""
"hakken","pumps","pumps","","","","",""
"hakken","hoog","hoog","","","","",""
"hakken","puntig","puntig","","","","",""
"hardlopen","hardloopschoen","hardloopschoen","","","","",""
"hardlopen","constante snelheid","constante snelheid","","","","",""
"sluipen","als een leeuw","als een leeuw","","","","",""
"sluipen","zachtjes doen","zachtjes doen","","","","",""
"sluipen","op je tenen lopen","op je tenen lopen","","","","",""
"sluipen","niemand hoort je","niemand hoort je","","","","",""
"sluipen","zo stil mogelijk","zo stil mogelijk","","","","",""
"walsen","actief","actief","","","","",""
"walsen","partner","partner","","","","",""
"walsen","stijldansen","stijldansen","","","","",""
"knippen","met de handen","met de handen","","","","",""
"knippen","fijne motoriek","fijne motoriek","","","","",""
"knippen","golflijn","golflijn","","","","",""
"knippen","rechte lijn","rechte lijn","","","","",""
"banjeren","actief","actief","","","","",""
"banjeren","op schoenen","op schoenen","","","","",""
"schuifelen","voetje voor voetje","voetje voor voetje","","","","",""
"schuifelen","zachtjes","zachtjes","","","","",""
"schuifelen","voorzichtig","voorzichtig","","","","",""
"schuifelen","langzaam lopen","langzaam lopen","","","","",""
"lopen","op je voeten","op je voeten","","","","",""
"lopen","ergens naartoe","ergens naartoe","","","","",""
"lopen","actief","actief","","","","",""
"lopen","over de weg","over de weg","","","","",""
"spoeden","snel zijn","snel zijn","","","","",""
"spoeden","hulp","hulp","","","","",""
"spoeden","spoedgeval","spoedgeval","","","","",""
"spoeden","behulpzaam","behulpzaam","","","","",""
"kloppen","met je vuist","met je vuist","","","","",""
"kloppen","in plaats van bellen","in plaats van bellen","","","","",""
"kloppen","zachtjes de deur aantikken","zachtjes de deur aantikken","","","","",""
"kloppen","bonk geluid","bonk geluid","","","","",""
"haasten","snel doen","snel doen","","","","",""
"haasten","weinig tijd","weinig tijd","","","","",""
"haasten","zo snel mogelijk","zo snel mogelijk","","","","",""
"haasten","alles bij elkaar rapen","alles bij elkaar rapen","","","","",""
"dolen","doelloos rondlopen","doelloos rondlopen","","","","",""
"dolen","de weg kwijt","de weg kwijt","","","","",""
"dolen","in een doolhof","in een doolhof","","","","",""
"dolen","zoeken","zoeken","","","","",""
"slaaten","geen","geen","","","","",""
"slaaten","idee","idee","","","","",""
"slaaten","wat","wat","","","","",""
"slaaten","is?","is?","","","","",""
"afdalen","actief","actief","","","","",""
"afdalen","schuin naar beneden","schuin naar beneden","","","","",""
"wijken","uitwijken","uitwijken","","","","",""
"wijken","afwijken","afwijken","","","","",""
"wijken","aan de kant voor iemand","aan de kant voor iemand","","","","",""
"wijken","naar links","naar links","","","","",""
"wijken","naar rechts","naar rechts","","","","",""
"kuieren","sloom","sloom","","","","",""
"kuieren","niet snel","niet snel","","","","",""
"kuieren","traag","traag","","","","",""
"kuieren","rustig aan","rustig aan","","","","",""
"snijden","op een snijplank","op een snijplank","","","","",""
"snijden","hakbeweging","hakbeweging","","","","",""
"snijden","groente snijden","groente snijden","","","","",""
"snijden","snelheid","snelheid","","","","",""
"marcheren","lopen op de maat","lopen op de maat","","","","",""
"marcheren","bewegen op de maat","bewegen op de maat","","","","",""
"marcheren","in gelijk tempo","in gelijk tempo","","","","",""
"marcheren","met z'n allen tegelijk","met z'n allen tegelijk","","","","",""
"marcheren","actief","actief","","","","",""
"glippen","er tussenuit sneaken","er tussenuit sneaken","","","","",""
"glippen","ongezien wegkomen","ongezien wegkomen","","","","",""
"glippen","ergens tussendoor glippen","ergens tussendoor glippen","","","","",""
"glippen","sneaky","sneaky","","","","",""
"glippen","ontkomen","ontkomen","","","","",""
"glippen","geheim","geheim","","","","",""
"glippen","verdwijnen","verdwijnen","","","","",""
"hardlopen","wedstrijd","wedstrijd","","","","",""
"dolen","verleden","verleden","","","","",""
"dolen","verdwaalt","verdwaalt","","","","",""
"hakken","hardcore","hardcore","","","","",""
"hakken","natuur","natuur","","","","",""
"hakken","feest","feest","","","","",""
"hakken","muziek","muziek","","","","",""
"hakken","omvallen","omvallen","","","","",""
"banjeren","rondjes lopen","rondjes lopen","","","","",""
"banjeren","verdwaald","verdwaald","","","","",""
"banjeren","modder","modder","","","","",""
"banjeren","doelloos","doelloos","","","","",""
"banjeren","vies worden","vies worden","","","","",""
"sluipen","glippen","glippen","","","","",""
"sluipen","bespieden","bespieden","","","","",""
"sluipen","schrikken","schrikken","","","","",""
"slingeren","auto","auto","","","","",""
"slingeren","fiets","fiets","","","","",""
"slingeren","moe","moe","","","","",""
"slingeren","gooien","gooien","","","","",""
"marcheren","kisten","kisten","","","","",""
"marcheren","maat","maat","","","","",""
"marcheren","formatie","formatie","","","","",""
"marcheren","rotten","rotten","","","","",""
"marcheren","gelederen","gelederen","","","","",""
"walsen","overtreffen","overtreffen","","","","",""
"walsen","overheen","overheen","","","","",""
"walsen","verslaan","verslaan","","","","",""
"walsen","asfalt","asfalt","","","","",""
"walsen","bouwen","bouwen","","","","",""
"walsen","verbeteren","verbeteren","","","","",""
"kuieren","dragen","dragen","","","","",""
"kuieren","meenemen","meenemen","","","","",""
"kuieren","slepen","slepen","","","","",""
"kuieren","last","last","","","","",""
"haasten","snellen","snellen","","","","",""
"haasten","rennen","rennen","","","","",""
"haasten","bus halen","bus halen","","","","",""
"lopen","weg","weg","","","","",""
"lopen","pad","pad","","","","",""
"lopen","dagelijks","dagelijks","","","","",""
"lopen","trappen","trappen","","","","",""
"lopen","werken","werken","","","","",""
"afdalen","touw","touw","","","","",""
"afdalen","pad","pad","","","","",""
"afdalen","trap","trap","","","","",""
"afdalen","kelder","kelder","","","","",""
"afdalen","berghelling","berghelling","","","","",""
"kloppen","aankondigen","aankondigen","","","","",""
"kloppen","aanwezigheid","aanwezigheid","","","","",""
"kloppen","bel","bel","","","","",""
"wijken","woonwijken","woonwijken","","","","",""
"wijken","huizen","huizen","","","","",""
"wijken","aan de kant gaan","aan de kant gaan","","","","",""
"wijken","doel","doel","","","","",""
"wijken","verkeer","verkeer","","","","",""
"klimmen","wand","wand","","","","",""
"klimmen","touw","touw","","","","",""
"klimmen","binnen","binnen","","","","",""
"klimmen","buiten","buiten","","","","",""
"spoeden","verplaatsen","verplaatsen","","","","",""
"spoeden","hulp bieden","hulp bieden","","","","",""
"spoeden","hulpdiensten","hulpdiensten","","","","",""
"snijden","boter","boter","","","","",""
"snijden","touw","touw","","","","",""
"schuifelen","basisschool","basisschool","","","","",""
"schuifelen","geslacht","geslacht","","","","",""
"knippen","school","school","","","","",""
"knippen","kleuters","kleuters","","","","",""
"knippen","touw","touw","","","","",""
"slaaten","verzonnen","verzonnen","","","","",""
"slaaten","nep","nep","","","","",""
"slaaten","geen idee","geen idee","","","","",""
"slaaten","geen definitie","geen definitie","","","","",""
"slaaten","weet niet","weet niet","","","","",""
"klimmen","met handen","met handen","","","","",""
"spoeden","dringend","dringend","","","","",""
"spoeden","opschieten","opschieten","","","","",""
"dolen","geen bestemming","geen bestemming","","","","",""
"dolen","langzaam","langzaam","","","","",""
"dolen","slenteren","slenteren","","","","",""
"banjeren","zand","zand","","","","",""
"banjeren","voeten niet optillen","voeten niet optillen","","","","",""
"banjeren","langzaam","langzaam","","","","",""
"banjeren","rustig","rustig","","","","",""
"sluipen","geruisloos","geruisloos","","","","",""
"sluipen","onzichtbaar","onzichtbaar","","","","",""
"kloppen","geluidmaken","geluidmaken","","","","",""
"kloppen","knokkels","knokkels","","","","",""
"kloppen","tikken","tikken","","","","",""
"wijken","opzij gaan","opzij gaan","","","","",""
"wijken","sturen","sturen","","","","",""
"wijken","koers","koers","","","","",""
"wijken","wijzigen","wijzigen","","","","",""
"hakken","snel","snel","","","","",""
"hakken","ritme","ritme","","","","",""
"hakken","grond","grond","","","","",""
"hakken","springen","springen","","","","",""
"lopen","voorwaarts","voorwaarts","","","","",""
"lopen","grond","grond","","","","",""
"kuieren","zand","zand","","","","",""
"kuieren","ondergrond","ondergrond","","","","",""
"kuieren","platteland","platteland","","","","",""
"slaaten","lopen","lopen","","","","",""
"slaaten","snel","snel","","","","",""
"slaaten","haast","haast","","","","",""
"slaaten","spoed","spoed","","","","",""
"slaaten","dringend","dringend","","","","",""
"haasten","spoed","spoed","","","","",""
"haasten","iets halen","iets halen","","","","",""
"haasten","haast","haast","","","","",""
"marcheren","soldaat","soldaat","","","","",""
"marcheren","strak","strak","","","","",""
"marcheren","rechts","rechts","","","","",""
"marcheren","links","links","","","","",""
"slingeren","sturen","sturen","","","","",""
"slingeren","gevaarlijk","gevaarlijk","","","","",""
"slingeren","niet scheef","niet scheef","","","","",""
"walsen","stijl","stijl","","","","",""
"glippen","krap","krap","","","","",""
"glippen","tussendoor","tussendoor","","","","",""
"glippen","gaan","gaan","","","","",""
"schuifelen","twee","twee","","","","",""
"schuifelen","rustig","rustig","","","","",""
"snijden","verbreken","verbreken","","","","",""
"snijden","in stukjes","in stukjes","","","","",""
"knippen","in stukjes","in stukjes","","","","",""
"knippen","kapotmaken","kapotmaken","","","","",""
"knippen","breken","breken","","","","",""
"afdalen","hoogte","hoogte","","","","",""
"afdalen","gaan","gaan","","","","",""
"wijken","niet op ingaan","niet op ingaan","","","","",""
"wijken","passief","passief","","","","",""
"wijken","niet aangaan","niet aangaan","","","","",""
"wijken","niet dapper","niet dapper","","","","",""
"wijken","plaats maken","plaats maken","","","","",""
"wijken","geen aanvaring","geen aanvaring","","","","",""
"knippen","met schaar","met schaar","","","","",""
"knippen","maakt kleiner/korter","maakt kleiner/korter","","","","",""
"knippen","in papier/ haar","in papier/ haar","","","","",""
"knippen","verdelen","verdelen","","","","",""
"knippen","vaak in rechte lijn","vaak in rechte lijn","","","","",""
"knippen","kapot maken","kapot maken","","","","",""
"knippen","geen geheel meer","geen geheel meer","","","","",""
"knippen","in stukken","in stukken","","","","",""
"knippen","snel","snel","","","","",""
"hakken","boomstammen","boomstammen","","","","",""
"hakken","met bijl","met bijl","","","","",""
"hakken","gevaarlijk","gevaarlijk","","","","",""
"hakken","op boomstam","op boomstam","","","","",""
"hakken","volle kracht","volle kracht","","","","",""
"hakken","delen","delen","","","","",""
"hakken","kleinere stukken","kleinere stukken","","","","",""
"hakken","door mens","door mens","","","","",""
"hakken","activiteit","activiteit","","","","",""
"banjeren","ijsberen","ijsberen","","","","",""
"banjeren","heen en weer lopen","heen en weer lopen","","","","",""
"banjeren","spanning","spanning","","","","",""
"banjeren","gespannen","gespannen","","","","",""
"banjeren","onprettig","onprettig","","","","",""
"banjeren","onbehouden","onbehouden","","","","",""
"banjeren","onrust","onrust","","","","",""
"walsen","bewegen","bewegen","","","","",""
"walsen","in duo","in duo","","","","",""
"walsen","plat maken","plat maken","","","","",""
"walsen","sterk","sterk","","","","",""
"walsen","warm of koud","warm of koud","","","","",""
"walsen","cilinder","cilinder","","","","",""
"hardlopen","sneller dan joggen","sneller dan joggen","","","","",""
"hardlopen","volop","volop","","","","",""
"hardlopen","afstand","afstand","","","","",""
"hardlopen","zweet","zweet","","","","",""
"hardlopen","hartkloppingen","hartkloppingen","","","","",""
"hardlopen","intensief","intensief","","","","",""
"hardlopen","cardio","cardio","","","","",""
"schuifelen","intiem","intiem","","","","",""
"schuifelen","sloffen","sloffen","","","","",""
"schuifelen","lui","lui","","","","",""
"schuifelen","voeten niet optillen","voeten niet optillen","","","","",""
"schuifelen","slenteren","slenteren","","","","",""
"schuifelen","traag","traag","","","","",""
"schuifelen","geen haast","geen haast","","","","",""
"schuifelen","niet actief","niet actief","","","","",""
"afdalen","langzaam","langzaam","","","","",""
"afdalen","beheersd","beheersd","","","","",""
"afdalen","rustig","rustig","","","","",""
"afdalen","geconcentreerd","geconcentreerd","","","","",""
"afdalen","naar grond","naar grond","","","","",""
"afdalen","zwaartekracht","zwaartekracht","","","","",""
"afdalen","soms met touw","soms met touw","","","","",""
"afdalen","verticaal","verticaal","","","","",""
"afdalen","voorzichtig","voorzichtig","","","","",""
"sluipen","beheersd","beheersd","","","","",""
"sluipen","rustig","rustig","","","","",""
"sluipen","geen lawaai","geen lawaai","","","","",""
"sluipen","traag","traag","","","","",""
"sluipen","glijden","glijden","","","","",""
"sluipen","geen geluid","geen geluid","","","","",""
"sluipen","in stilte","in stilte","","","","",""
"kloppen","vaak op deur","vaak op deur","","","","",""
"kloppen","met knokkels","met knokkels","","","","",""
"kloppen","aanwezigheid tonen","aanwezigheid tonen","","","","",""
"kloppen","deur huis","deur huis","","","","",""
"kloppen","geen bel","geen bel","","","","",""
"kloppen","bakken","bakken","","","","",""
"kloppen","ingredienten mixen","ingredienten mixen","","","","",""
"kloppen","garde","garde","","","","",""
"kloppen","geheel vormen","geheel vormen","","","","",""
"kloppen","mengen","mengen","","","","",""
"snijden","met mes","met mes","","","","",""
"snijden","door mens","door mens","","","","",""
"snijden","eten","eten","","","","",""
"snijden","op plank","op plank","","","","",""
"snijden","koken","koken","","","","",""
"snijden","voorbereiden","voorbereiden","","","","",""
"snijden","geen geheel","geen geheel","","","","",""
"snijden","gevaarlijk","gevaarlijk","","","","",""
"snijden","kleinere stukjes","kleinere stukjes","","","","",""
"klimmen","door mens/dier","door mens/dier","","","","",""
"klimmen","kan in boom","kan in boom","","","","",""
"klimmen","armen en benen","armen en benen","","","","",""
"klimmen","inspanning","inspanning","","","","",""
"klimmen","hoger geraken","hoger geraken","","","","",""
"klimmen","zwaar","zwaar","","","","",""
"klimmen","activiteit","activiteit","","","","",""
"klimmen","gevaarlijk","gevaarlijk","","","","",""
"klimmen","leuk","leuk","","","","",""
"dolen","rondzwerven","rondzwerven","","","","",""
"dolen","geen eindbestemming","geen eindbestemming","","","","",""
"dolen","geen orientatie","geen orientatie","","","","",""
"dolen","geen kennis","geen kennis","","","","",""
"dolen","op zoek","op zoek","","","","",""
"dolen","random","random","","","","",""
"dolen","geen tijd","geen tijd","","","","",""
"glippen","water","water","","","","",""
"glippen","ijs","ijs","","","","",""
"glippen","uitglijden","uitglijden","","","","",""
"glippen","gevaarlijk","gevaarlijk","","","","",""
"glippen","geen houvast","geen houvast","","","","",""
"glippen","gevolg kan pijn doen","gevolg kan pijn doen","","","","",""
"slingeren","touw","touw","","","","",""
"slingeren","aap","aap","","","","",""
"slingeren","mens","mens","","","","",""
"slingeren","horizontaal","horizontaal","","","","",""
"slingeren","stopt na een moment","stopt na een moment","","","","",""
"slingeren","heeft aanzet nodig","heeft aanzet nodig","","","","",""
"slingeren","op en neer","op en neer","","","","",""
"slingeren","leuk","leuk","","","","",""
"spoeden","tijd te kort","tijd te kort","","","","",""
"spoeden","vlug","vlug","","","","",""
"spoeden","rennen","rennen","","","","",""
"spoeden","heet","heet","","","","",""
"spoeden","onrustig","onrustig","","","","",""
"spoeden","dingen vergeten","dingen vergeten","","","","",""
"spoeden","tijdstip halen","tijdstip halen","","","","",""
"spoeden","sneller dan normaal","sneller dan normaal","","","","",""
"slaaten","dit woord ken ik niet","dit woord ken ik niet","","","","",""
"slaaten","ken ik niet","ken ik niet","","","","",""
"haasten","snel zijn","snel zijn","","","","",""
"haasten","spoeien","spoeien","","","","",""
"haasten","onrust","onrust","","","","",""
"haasten","sneller dan normaal","sneller dan normaal","","","","",""
"haasten","tijd te kort","tijd te kort","","","","",""
"lopen","sneller dan wandelen","sneller dan wandelen","","","","",""
"lopen","trager dan sprinten","trager dan sprinten","","","","",""
"lopen","sneller dan joggen","sneller dan joggen","","","","",""
"lopen","haast","haast","","","","",""
"lopen","sporten","sporten","","","","",""
"kuieren","met plezier","met plezier","","","","",""
"kuieren","traag wandelen","traag wandelen","","","","",""
"marcheren","harde stappen","harde stappen","","","","",""
"marcheren","tegelijk","tegelijk","","","","",""
"marcheren","volle kracht","volle kracht","","","","",""
"marcheren","moed","moed","","","","",""
"sluipen","actie","actie","","","","",""
"hardlopen","actie","actie","","","","",""
"hardlopen","voortbewegen","voortbewegen","","","","",""
"marcheren","actie","actie","","","","",""
"marcheren","op de maat","op de maat","","","","",""
"marcheren","langzaam","langzaam","","","","",""
"marcheren","groep","groep","","","","",""
"klimmen","actie","actie","","","","",""
"klimmen","klauteren","klauteren","","","","",""
"klimmen","vastpakken","vastpakken","","","","",""
"klimmen","steile muur","steile muur","","","","",""
"klimmen","inspannend","inspannend","","","","",""
"kloppen","trommelen","trommelen","","","","",""
"kloppen","oppervlakte","oppervlakte","","","","",""
"kloppen","aankomst","aankomst","","","","",""
"kuieren","langzaam","langzaam","","","","",""
"kuieren","rondkijken","rondkijken","","","","",""
"kuieren","doelloos","doelloos","","","","",""
"kuieren","kleine stappen","kleine stappen","","","","",""
"knippen","beweging","beweging","","","","",""
"knippen","iets open maken","iets open maken","","","","",""
"glippen","schieten","schieten","","","","",""
"wijken","opzij","opzij","","","","",""
"wijken","beweging","beweging","","","","",""
"wijken","lichamelijk","lichamelijk","","","","",""
"wijken","voorwerp","voorwerp","","","","",""
"schuifelen","stapjes","stapjes","","","","",""
"schuifelen","lopend","lopend","","","","",""
"slingeren","ergens aan hangen","ergens aan hangen","","","","",""
"slingeren","duwen","duwen","","","","",""
"haasten","tijdsnood","tijdsnood","","","","",""
"haasten","voortmaken","voortmaken","","","","",""
"haasten","doorgaan","doorgaan","","","","",""
"slaaten","geluid","geluid","","","","",""
"slaaten","gilletje","gilletje","","","","",""
"slaaten","blijdschap","blijdschap","","","","",""
"slaaten","verwondering","verwondering","","","","",""
"slaaten","hardop","hardop","","","","",""
"lopen","beweging","beweging","","","","",""
"lopen","voortbewegen","voortbewegen","","","","",""
"lopen","niet rennen","niet rennen","","","","",""
"afdalen","lagere hoogte","lagere hoogte","","","","",""
"afdalen","beweging","beweging","","","","",""
"afdalen","benen","benen","","","","",""
"afdalen","fiets","fiets","","","","",""
"snijden","hakken","hakken","","","","",""
"snijden","kartels","kartels","","","","",""
"snijden","iets delen","iets delen","","","","",""
"walsen","machine","machine","","","","",""
"walsen","rond","rond","","","","",""
"walsen","lopend","lopend","","","","",""
"walsen","groep","groep","","","","",""
"hakken","beweging","beweging","","","","",""
"hakken","slaan","slaan","","","","",""
"hakken","doormidden","doormidden","","","","",""
"banjeren","beweging","beweging","","","","",""
"banjeren","nat terrein","nat terrein","","","","",""
"banjeren","plassen","plassen","","","","",""
"spoeden","tijdsnood","tijdsnood","","","","",""
"spoeden","actie","actie","","","","",""
"dolen","weg kwijt","weg kwijt","","","","",""
"dolen","rondtrekken","rondtrekken","","","","",""
"dolen","alle tijd","alle tijd","","","","",""
"dolen","door mensen","door mensen","","","","",""
"dolen","de weg zoeken","de weg zoeken","","","","",""
"knippen","papier/karton/haar","papier/karton/haar","","","","",""
"knippen","scherp","scherp","","","","",""
"knippen","handmatig","handmatig","","","","",""
"knippen","vormgevend","vormgevend","","","","",""
"hardlopen","menselijk","menselijk","","","","",""
"hardlopen","te voet","te voet","","","","",""
"walsen","ritmisch","ritmisch","","","","",""
"walsen","stoomwals/machine","stoomwals/machine","","","","",""
"banjeren","zonder echt doel","zonder echt doel","","","","",""
"banjeren","hangerig","hangerig","","","","",""
"banjeren","buiten","buiten","","","","",""
"banjeren","menselijk","menselijk","","","","",""
"banjeren","gezellig","gezellig","","","","",""
"spoeden","te voet","te voet","","","","",""
"spoeden","met een voertuig","met een voertuig","","","","",""
"spoeden","bestemming","bestemming","","","","",""
"spoeden","onvrijwillig","onvrijwillig","","","","",""
"afdalen","actie","actie","","","","",""
"afdalen","menselijk en dierlijk","menselijk en dierlijk","","","","",""
"afdalen","te voet of in een voertuig","te voet of in een voertuig","","","","",""
"lopen","actie","actie","","","","",""
"lopen","onderlichaam","onderlichaam","","","","",""
"lopen","doelbewust","doelbewust","","","","",""
"wijken","actie","actie","","","","",""
"wijken","direct en indirect","direct en indirect","","","","",""
"wijken","plaatsmaken voor iets/iemand anders","plaatsmaken voor iets/iemand anders","","","","",""
"wijken","menselijk en levenloze objecten","menselijk en levenloze objecten","","","","",""
"slaaten","is","is","","","","",""
"slaaten","volgens","volgens","","","","",""
"slaaten","mij","mij","","","","",""
"sluipen","doel","doel","","","","",""
"sluipen","menselijk en dierlijk","menselijk en dierlijk","","","","",""
"snijden","actie","actie","","","","",""
"snijden","in stukken","in stukken","","","","",""
"snijden","mes of tanden","mes of tanden","","","","",""
"snijden","menselijk","menselijk","","","","",""
"kuieren","vrolijk","vrolijk","","","","",""
"kuieren","ontspannend","ontspannend","","","","",""
"kuieren","actie","actie","","","","",""
"kuieren","menselijk","menselijk","","","","",""
"marcheren","uniform","uniform","","","","",""
"marcheren","geluid","geluid","","","","",""
"schuifelen","menselijk","menselijk","","","","",""
"schuifelen","actie","actie","","","","",""
"haasten","doel","doel","","","","",""
"haasten","actie","actie","","","","",""
"haasten","menselijk","menselijk","","","","",""
"haasten","meer dan gebruikelijk","meer dan gebruikelijk","","","","",""
"kloppen","actie","actie","","","","",""
"kloppen","muur/deur","muur/deur","","","","",""
"kloppen","vuist/snavel/hamer","vuist/snavel/hamer","","","","",""
"kloppen","menselijk en dierlijk","menselijk en dierlijk","","","","",""
"hakken","actie","actie","","","","",""
"hakken","met armen","met armen","","","","",""
"hakken","dans","dans","","","","",""
"glippen","ongrijpbaar","ongrijpbaar","","","","",""
"glippen","actie","actie","","","","",""
"glippen","bevrijding","bevrijding","","","","",""
"slingeren","hangen","hangen","","","","",""
"slingeren","actie","actie","","","","",""
"slingeren","aan iets","aan iets","","","","",""
"slingeren","door een klok","door een klok","","","","",""
"slingeren","door mensen/apen","door mensen/apen","","","","",""
"klimmen","tegen een berg","tegen een berg","","","","",""
"klimmen","met een vliegtuig","met een vliegtuig","","","","",""
